{"version": "1.2", "classes": ["GTP", "LMP2", "GTD_PRO", "GTD"], "features": ["grid", "team", "vehicle"], "metrics": {"GTP": 0.969909334974734, "LMP2": 0.9851506822072881, "GTD_PRO": 0.6815159179940694, "GTD": 0.9802000005548397}}